{"cameraMode":{"drawMode":0,"name":"Shaded","section":"Shading Mode"},"sceneLighting":true,"audioPlay":false,"sceneViewState":{"m_AlwaysRefresh":false,"showFog":true,"showSkybox":true,"showFlares":true,"showImageEffects":true,"showParticleSystems":true,"showVisualEffectGraphs":true,"m_FxEnabled":true},"in2DMode":false,"pivot":{"x":272.5069274902344,"y":49.52621078491211,"z":113.24539184570313},"rotation":{"x":0.006522257812321186,"y":0.9731123447418213,"z":-0.23069730401039124,"w":0.02087821625173092},"size":6.997568130493164,"orthographic":false}