{"cameraMode":{"drawMode":0,"name":"Shaded","section":"Shading Mode"},"sceneLighting":true,"audioPlay":false,"sceneViewState":{"m_AlwaysRefresh":false,"showFog":true,"showSkybox":true,"showFlares":true,"showImageEffects":true,"showParticleSystems":true,"showVisualEffectGraphs":true,"m_FxEnabled":true},"in2DMode":false,"pivot":{"x":281.3493957519531,"y":49.222320556640628,"z":83.74234008789063},"rotation":{"x":0.025489773601293565,"y":-0.9601051807403565,"z":0.09584277123212815,"w":0.26251864433288576},"size":1.4686765670776368,"orthographic":false}