{"cameraMode":{"drawMode":0,"name":"Shaded","section":"Shading Mode"},"sceneLighting":true,"audioPlay":false,"sceneViewState":{"m_AlwaysRefresh":false,"showFog":true,"showSkybox":true,"showFlares":true,"showImageEffects":true,"showParticleSystems":true,"showVisualEffectGraphs":true,"m_FxEnabled":true},"in2DMode":false,"pivot":{"x":345.12713623046877,"y":102.74051666259766,"z":126.43196868896485},"rotation":{"x":-0.21316008269786836,"y":0.6171936392784119,"z":-0.18173979222774507,"w":-0.7357401847839356},"size":19.23224639892578,"orthographic":false}