{"cameraMode":{"drawMode":0,"name":"Shaded","section":"Shading Mode"},"sceneLighting":true,"audioPlay":false,"sceneViewState":{"m_AlwaysRefresh":false,"showFog":true,"showSkybox":true,"showFlares":true,"showImageEffects":true,"showParticleSystems":true,"showVisualEffectGraphs":true,"m_FxEnabled":true},"in2DMode":false,"pivot":{"x":292.95391845703127,"y":70.08380126953125,"z":118.40560913085938},"rotation":{"x":-0.10021119564771652,"y":0.8364737629890442,"z":-0.17147664725780488,"w":-0.5116701126098633},"size":21.432144165039064,"orthographic":false}